post_id;title;score;author;url;comment_count;sentiment_polarity;sentiment_label
1mhtv13;This is how [SPOILER] is going to happen to Spider in Avatar 3;890;Cyren_Myadd;https://www.reddit.com/gallery/1mhtv13;123;0.0;N√∂tr
1hx33bn;whyyy is the gap between movie 3 and 4 so huge?;2683;Substantial-Bug6303;https://i.redd.it/gjy90ppuwvbe1.jpeg;199;0.39999999999999997;Pozitif
1mi25xs;Hot take and might get some flak but Avatar 1‚Äôs character design is better than 2-3 explained ‚¨áÔ∏è;1018;walterrocket440;https://www.reddit.com/gallery/1mi25xs;189;0.375;Pozitif
1cw1iqk;It's crazy how many spoilers we've already gotten about Avatar 3;331;Cyren_Myadd;https://i.redd.it/3ii80e9kwg1d1.jpeg;96;-0.04999999999999999;N√∂tr
1mhcps2;How old were you when avatar 2009 came out vs how old are you when Avatar 3/Fire And Ash will be released?;2921;Inspiradora;https://i.redd.it/7068ztrz20hf1.jpeg;789;0.1;N√∂tr
1eoidhc;'Avatar 3' Officially Titled 'Avatar: Fire and Ash';13256;MarvelsGrantMan136;https://deadline.com/2024/08/avatar-3-title-first-look-1236036119/;2502;0.0;N√∂tr
148i2us;Disney Dates New ‚ÄòStar Wars‚Äô Movie, Shifts ‚ÄòDeadpool 3‚Äô and Entire Marvel Slate, Delays ‚ÄòAvatar‚Äô Sequels Through 2031;15716;MarvelsGrantMan136;https://variety.com/2023/film/news/disney-star-wars-delays-marvel-avatar-sequel-release-dates-1235642363/;3922;0.06818181818181818;N√∂tr
10435ql;James Cameron: Avatar 3 Will Feature Fire Na'vi;20892;DarthVince;https://www.ign.com/articles/james-cameron-avatar-3-will-feature-fire-navi;3718;0.0;N√∂tr
10s3ed3;‚ÄòAvatar‚Äô Sequels: Oona Chaplin Plays Fire Na‚Äôvi Leader in ‚ÄòAvatar 3,‚Äô Big Time Jump Set for ‚ÄòAvatar 4‚Äô and Earth Setting in ‚ÄòAvatar 5‚Äô;4810;MarvelsGrantMan136;https://variety.com/2023/film/news/avatar-3-villain-oona-chaplin-fire-navi-varang-avatar-4-time-jump-1235510846/;1095;0.0;N√∂tr
bqvt9o;Box Office Week - John Wick: Chapter 3 opens at #1 with $57M, almost double the opening of JW: Chapter 2. A Dog's Journey bombs at #4 with $8M. The Sun Is Also a Star tanks at #8 with $2.6M. Avengers: Endgame passes Avatar as the second highest grossing film domestic at $770.8M.;20208;mi-16evil;https://www.reddit.com/r/movies/comments/bqvt9o/box_office_week_john_wick_chapter_3_opens_at_1/;1426;0.0;N√∂tr
1eoidlw;"Avatar 3 is called ""AVATAR: FIRE AND ASH""";2787;Jazzlike-Ad7654;https://i.redd.it/y5uj4kg52rhd1.jpeg;275;0.0;N√∂tr
8qnsa7;Zoe Saldana has already finished filming Avatar 2 and 3;5583;gullibletrout;https://io9.gizmodo.com/zoe-saldana-has-already-finished-filming-avatar-2-and-3-1826779611;610;0.0;N√∂tr
1mf5yo6;James Cameron painting and Avatar 3, by @industriamovies;2113;Legend__99;https://i.redd.it/ub0k276ymggf1.jpeg;36;0.0;N√∂tr
ag7l2u;James Cameron's 'Avatar 2' & 'Avatar 3' Have Finished Production, the Remaining Sequels Have Been Put on Hold Awaiting the Disney/Fox Merger and Remain Uncertain;2765;BunyipPouch;https://www.independent.co.uk/arts-entertainment/films/news/avatar-sequels-james-cameron-disney-fox-merger-cast-release-date-trailer-a8728526.html;673;0.0;N√∂tr
1mch0sa;'Avatar: Fire And Ash': David Thewlis‚Äô Peylak Will Appear ‚ÄòThroughout The Cycle Of 3, 4, And 5‚Äô (New Image);471;NoCulture3505;https://www.empireonline.com/movies/news/avatar-fire-ash-david-thewlis-peylak-4-and-5-exclusive-first-look/;128;0.13636363636363635;Pozitif
1n0v4fr;Streets are saying Jim Cameron is not certain about making/continuing after avatar 3. Would it be better to end the franchise with Avatar 3 or to let another director continue the next 2 sequels?;314;Inspiradora;https://i.redd.it/5yre6o9azelf1.jpeg;126;0.13095238095238096;Pozitif
1m4egme;The Main Conflicts of Avatar 3 (meme by tumblr user themo-themo);1112;Cyren_Myadd;https://i.redd.it/v0imn6d63ydf1.jpeg;45;0.16666666666666666;Pozitif
1kv7c6i;What's the worst theory you've heard for Avatar 3?;386;Cyren_Myadd;https://i.redd.it/91vroehyky2f1.jpeg;139;-1.0;Negatif
85kpdf;Box Office Week: Black Panther is #1 again for 5th weekend in a row with $27M, the first time a film has had five consecutive #1 weekends since Avatar. Tomb Raider opens okay at #2 with $23.5M, I Can Only Imagine surprises at #3 with $17M, and Love, Simon opens weak at #5 with $11.5M;1728;mi-16evil;https://www.reddit.com/r/movies/comments/85kpdf/box_office_week_black_panther_is_1_again_for_5th/;550;0.11805555555555558;Pozitif
10vhsim;Look Like These Photos of Spider from Upcoming Avatar 3;1471;IanCassidy54;https://i.redd.it/znxb9ppz9oga1.jpg;189;0.0;N√∂tr
1132dqa;How would you name Avatar 3 if you were responsible for do it?;886;Ser1724;https://i.redd.it/lgkq4qfnafia1.jpg;319;0.2;Pozitif
148y0xr;Avatar 3 delayed a year to December 2025. üò≠üò≠üò≠üò≠üò≠üò≠üò≠üò≠;808;John_Helmsword;https://www.reddit.com/r/Avatar/comments/148y0xr/avatar_3_delayed_a_year_to_december_2025/;245;0.0;N√∂tr
1i0xls8;Avatar 3: The trailer that cried wolf.;978;Dangerous-Paper-8293;https://i.redd.it/08z957uuvvce1.png;61;0.0;N√∂tr
1nw824o;i speak for everyone here that we need more norm in avatar 3;438;Intelligent-You-7002;https://i.redd.it/xzs3pr683qsf1.jpeg;38;0.5;Pozitif
1mtii21;Where do we think the Sullys will end up after Avatar 3?;370;flower_blossom1010;https://i.redd.it/nl3wrsarbrjf1.jpeg;53;0.0;N√∂tr
1fxviem;What are you most excited about for Avatar 3?;459;Junior-Economics-634;https://i.redd.it/o5ebf8yne8td1.jpeg;121;0.4375;Pozitif
10ff69l;EXCLUSIVE: Avatar 3 will bring back both fan-favorite Payakan and his human nemesis Mick Scoresby;971;IanCassidy54;https://i.redd.it/cwg5nkwc2wca1.jpg;155;0.0;N√∂tr
1o0irz5;'TRON: Ares' - Review Thread;1608;ChiefLeef22;https://www.reddit.com/r/movies/comments/1o0irz5/tron_ares_review_thread/;983;0.0;N√∂tr
1lto7si;165 days until Avatar 3 and still no trailer;171;tjalek;https://www.reddit.com/r/Avatar/comments/1lto7si/165_days_until_avatar_3_and_still_no_trailer/;93;0.0;N√∂tr
1jo0gjr;I guess no one is safe in Avatar 3 ...;435;hyoumah83;https://v.redd.it/gfigyfyga0se1;69;0.5;Pozitif
1n5dbcl;attempted an avatar inspired sfx makeup :3;648;fruityfilipina;https://www.reddit.com/gallery/1n5dbcl;15;0.5;Pozitif
1frte5v;How would you all feel/react if Avatar 3 got delayed by another year?;410;Junior-Economics-634;https://i.redd.it/e16wyt5jjnrd1.jpeg;108;0.0;N√∂tr
1mzimmv;So this guy is coming back again üòÇüòÇ you think this time payakan will kill him in avatar 3 or in sequels?? üòÇ;306;Economy-Blacksmith79;https://i.redd.it/rdgttrswv3lf1.jpeg;41;0.0;N√∂tr
zp6apb;Megathread 3: Avatar: TWOW Spoilers Discussion;208;AutoModerator;https://www.reddit.com/r/Avatar/comments/zp6apb/megathread_3_avatar_twow_spoilers_discussion/;656;0.0;N√∂tr
18xpe1d;Another Day, Another Fake Avatar 3 Trailer.;910;TPNmangaFAN;https://i.redd.it/dq0zotexk9ac1.jpeg;81;-0.5;Negatif
1cbxuo5;James Cameron in a recent interview mentioned that THIS concept art (as put up in one of his exhibits) will be materialized in Avatar 3 and 4. Anyone able to figure out what the art represents?;657;yashtiwarispeakss;https://i.redd.it/u0j2ai7uffwc1.jpeg;86;0.25;Pozitif
1nxdzcs;Is it just me or do some of the shots in Avatar 2 and 3 just look a bit... off?;310;MechDragon108_;https://www.reddit.com/gallery/1nxdzcs;25;0.0;N√∂tr
1n3y2ly;Awards for Worst Accents of All Time;1109;Entronico;https://www.reddit.com/r/movies/comments/1n3y2ly/awards_for_worst_accents_of_all_time/;2033;-1.0;Negatif
1i5lfcy;James Cameron Says Avatar 3 Might Not Be What Audiences 'Signed Up For';316;Whobitmyname;https://people.com/james-cameron-avatar-3-fire-and-ash-might-not-be-what-audiences-signed-up-for-8776587;82;0.0;N√∂tr
1ja2eaf;What's the deal with fake Avatar 3 trailers?;349;Wolframite__;https://i.redd.it/9e9ldg12hdoe1.jpeg;63;-0.5;Negatif
1ksqlg3;Avatar 3 still filming ?;428;Boring-Jelly5633;https://i.redd.it/rjeqfy084c2f1.jpeg;38;0.0;N√∂tr
1law87y;Could Avatar 3 Fire and Ash become the first movie to make $3 billion at the global box office?;139;jpmickeylover27;https://i.redd.it/7qbhcjk2ls6f1.jpeg;72;0.125;Pozitif
167swpq;What are you most looking forward to in Avatar 3 ?;440;Jazzlike-Ad7654;https://i.redd.it/qdm5yxklsrlb1.jpg;153;0.5;Pozitif
1ile2h4;I pray there‚Äôs a fight scene with these 3 ladies in Avatar: Fire and Ash;510;Desperate-Sink-8144;https://www.reddit.com/gallery/1ile2h4;44;0.0;N√∂tr
1izoegh;I want AURORA to be the singer for the song choices and endcredits for Avatar 3. PLEASE. Aurora has so many beautiful songs about nature and will fill the avatar mysticism a lot in my opinion!! Reach out to James or his team please üò≠üò≠;498;Inspiradora;https://www.reddit.com/gallery/1izoegh;41;0.75;Pozitif
1hq0ymc;should avatar 3: fire and ash be r-rated?;315;Advanced-Document895;https://i.redd.it/pwatabekn2ae1.jpeg;70;0.0;N√∂tr
1jym85a;Is Toruk coming back in Avatar 3?;323;Available-Rough-7411;https://i.redd.it/xkymm0of3pue1.jpeg;45;0.0;N√∂tr
1lqwln0;The wait for Avatar 3 teasers does dreadful things to a person;489;Kaokasalis;https://i.redd.it/ja8glj3u8paf1.png;17;-1.0;Negatif
1epojyl;act as if the official trailer for Avatar 3 has been made public;469;CivilRespect4072;https://i.redd.it/q074mztf72id1.jpeg;67;0.0;N√∂tr
1efu5x8;Act as if Avatar 3 came out today;338;Jazzlike-Ad7654;https://i.redd.it/j4kt5uuhxnfd1.jpeg;86;0.0;N√∂tr
